,species,k,lag,smoother,log_likelihood,num_train_states,num_test_states
0,bird1,0,1,0.001,-1.7261344495745998,1,1
1,bird1,0,1,0.001,-1.7261344495745998,1,1
2,bird1,0,2,0.001,-1.7261344495745998,1,1
3,bird1,0,3,0.001,-1.7261344495745998,1,1
4,bird1,0,4,0.001,-1.7261344495745998,1,1
5,bird1,0,5,0.001,-1.7261344495745998,1,1
6,bird1,0,6,0.001,-1.7261344495745998,1,1
7,bird1,0,7,0.001,-1.7261344495745998,1,1
8,bird1,0,8,0.001,-1.7261344495745998,1,1
9,bird1,0,9,0.001,-1.7261344495745998,1,1
10,bird1,0,10,0.001,-1.7261344495745998,1,1
11,bird1,0,1,0.01,-1.7261344525161169,1,1
12,bird1,0,1,0.01,-1.7261344525161169,1,1
13,bird1,0,2,0.01,-1.7261344525161169,1,1
14,bird1,0,3,0.01,-1.7261344525161169,1,1
15,bird1,0,4,0.01,-1.7261344525161169,1,1
16,bird1,0,5,0.01,-1.7261344525161169,1,1
17,bird1,0,6,0.01,-1.7261344525161169,1,1
18,bird1,0,7,0.01,-1.7261344525161169,1,1
19,bird1,0,8,0.01,-1.7261344525161169,1,1
20,bird1,0,9,0.01,-1.7261344525161169,1,1
21,bird1,0,10,0.01,-1.7261344525161169,1,1
22,bird1,0,1,0.1,-1.7261344822004225,1,1
23,bird1,0,1,0.1,-1.7261344822004225,1,1
24,bird1,0,2,0.1,-1.7261344822004225,1,1
25,bird1,0,3,0.1,-1.7261344822004225,1,1
26,bird1,0,4,0.1,-1.7261344822004225,1,1
27,bird1,0,5,0.1,-1.7261344822004225,1,1
28,bird1,0,6,0.1,-1.7261344822004225,1,1
29,bird1,0,7,0.1,-1.7261344822004225,1,1
30,bird1,0,8,0.1,-1.7261344822004225,1,1
31,bird1,0,9,0.1,-1.7261344822004225,1,1
32,bird1,0,10,0.1,-1.7261344822004225,1,1
33,bird1,1,1,0.001,-0.7477124573036056,8,8
34,bird1,1,1,0.001,-0.7477124573036056,8,8
35,bird1,1,2,0.001,-0.7486246778974042,8,8
36,bird1,1,3,0.001,-0.7518329565811361,8,8
37,bird1,1,4,0.001,-0.7552502410253943,8,8
38,bird1,1,5,0.001,-0.7573000822599241,8,8
39,bird1,1,6,0.001,-0.7564657893436082,8,8
40,bird1,1,7,0.001,-0.7543890031526533,8,8
41,bird1,1,8,0.001,-0.7553164515874331,8,8
42,bird1,1,9,0.001,-0.7551289947403593,8,8
43,bird1,1,10,0.001,-0.7557952239409363,8,8
44,bird1,1,1,0.01,-0.7475479700500527,8,8
45,bird1,1,1,0.01,-0.7475479700500527,8,8
46,bird1,1,2,0.01,-0.7484585968807109,8,8
47,bird1,1,3,0.01,-0.7516653291709486,8,8
48,bird1,1,4,0.01,-0.7550808802158335,8,8
49,bird1,1,5,0.01,-0.7571289431423892,8,8
50,bird1,1,6,0.01,-0.7562929242385164,8,8
51,bird1,1,7,0.01,-0.75421476308908,8,8
52,bird1,1,8,0.01,-0.755140439148941,8,8
53,bird1,1,9,0.01,-0.7549509947246055,8,8
54,bird1,1,10,0.01,-0.7556153494963064,8,8
55,bird1,1,1,0.1,-0.7474144685677974,8,8
56,bird1,1,1,0.1,-0.7474144685677974,8,8
57,bird1,1,2,0.1,-0.7483236315443178,8,8
58,bird1,1,3,0.1,-0.7515296472466407,8,8
59,bird1,1,4,0.1,-0.7549428985812446,8,8
60,bird1,1,5,0.1,-0.756988509495628,8,8
61,bird1,1,6,0.1,-0.7561508691483955,8,8
62,bird1,1,7,0.1,-0.7540748626893087,8,8
63,bird1,1,8,0.1,-0.7549990797361589,8,8
64,bird1,1,9,0.1,-0.754806380262042,8,8
65,bird1,1,10,0.1,-0.7554689343033909,8,8
66,bird1,2,1,0.001,-0.6463966719005795,64,41
67,bird1,2,1,0.001,-0.6463966719005795,64,41
68,bird1,2,2,0.001,-0.5610015047420176,64,46
69,bird1,2,3,0.001,-0.5452323301242933,64,51
70,bird1,2,4,0.001,-0.6545579980441542,64,50
71,bird1,2,5,0.001,-0.6552649782819917,64,52
72,bird1,2,6,0.001,-0.6328067395407387,64,53
73,bird1,2,7,0.001,-0.6458869402502421,64,51
74,bird1,2,8,0.001,-0.7025454268331415,64,51
75,bird1,2,9,0.001,-0.7132528987347214,64,51
76,bird1,2,10,0.001,-0.7081319641290984,64,50
77,bird1,2,1,0.01,-0.6455831355538849,64,41
78,bird1,2,1,0.01,-0.6455831355538849,64,41
79,bird1,2,2,0.01,-0.5600114629851483,64,46
80,bird1,2,3,0.01,-0.5442259364624815,64,51
81,bird1,2,4,0.01,-0.6520985621038287,64,50
82,bird1,2,5,0.01,-0.6544091063038837,64,52
83,bird1,2,6,0.01,-0.6311691222967221,64,53
84,bird1,2,7,0.01,-0.6445893493974775,64,51
85,bird1,2,8,0.01,-0.700629187968337,64,51
86,bird1,2,9,0.01,-0.7112915708566012,64,51
87,bird1,2,10,0.01,-0.7069498099617896,64,50
88,bird1,2,1,0.1,-0.6450682281673998,64,41
89,bird1,2,1,0.1,-0.6450682281673998,64,41
90,bird1,2,2,0.1,-0.5594162062381727,64,46
91,bird1,2,3,0.1,-0.5436583174762123,64,51
92,bird1,2,4,0.1,-0.6501334369796075,64,50
93,bird1,2,5,0.1,-0.6540465852814037,64,52
94,bird1,2,6,0.1,-0.629963097819043,64,53
95,bird1,2,7,0.1,-0.6436725823357606,64,51
96,bird1,2,8,0.1,-0.6990794785186184,64,51
97,bird1,2,9,0.1,-0.7096906764177714,64,51
98,bird1,2,10,0.1,-0.7061814191708454,64,50
99,bird1,3,1,0.001,-0.5399748736528001,512,103
100,bird1,3,1,0.001,-0.5399748736528001,512,103
101,bird1,3,2,0.001,-0.49532140104114225,512,127
102,bird1,3,3,0.001,-0.4827368052934106,512,166
103,bird1,3,4,0.001,-0.6325983365928708,512,200
104,bird1,3,5,0.001,-0.6335463045654868,512,216
105,bird1,3,6,0.001,-0.6298495875767337,512,239
106,bird1,3,7,0.001,-0.6495577539218307,512,254
107,bird1,3,8,0.001,-0.7103883337294264,512,260
108,bird1,3,9,0.001,-0.7305310121630354,512,250
109,bird1,3,10,0.001,-0.7339822132291387,512,265
110,bird1,3,1,0.01,-0.5378905685053919,512,103
111,bird1,3,1,0.01,-0.5378905685053919,512,103
112,bird1,3,2,0.01,-0.49181231920955526,512,127
113,bird1,3,3,0.01,-0.4771753080593975,512,166
114,bird1,3,4,0.01,-0.6235302081669949,512,200
115,bird1,3,5,0.01,-0.6269005836514187,512,216
116,bird1,3,6,0.01,-0.6212286569948846,512,239
117,bird1,3,7,0.01,-0.6418170116849721,512,254
118,bird1,3,8,0.01,-0.7004563498786739,512,260
119,bird1,3,9,0.01,-0.7215907878733242,512,250
120,bird1,3,10,0.01,-0.7251848424718725,512,265
121,bird1,3,1,0.1,-0.536941270481447,512,103
122,bird1,3,1,0.1,-0.536941270481447,512,103
123,bird1,3,2,0.1,-0.48981347028918254,512,127
124,bird1,3,3,0.1,-0.47358619098754084,512,166
125,bird1,3,4,0.1,-0.6168739952984897,512,200
126,bird1,3,5,0.1,-0.6228574758323928,512,216
127,bird1,3,6,0.1,-0.6157058955681354,512,239
128,bird1,3,7,0.1,-0.6368650181536646,512,254
129,bird1,3,8,0.1,-0.6935773131351722,512,260
130,bird1,3,9,0.1,-0.7159600032574776,512,250
131,bird1,3,10,0.1,-0.7199489874430699,512,265
132,bird1,4,1,0.001,-0.4737043100581667,4096,188
133,bird1,4,1,0.001,-0.4737043100581667,4096,188
134,bird1,4,2,0.001,-0.45690784071436835,4096,291
135,bird1,4,3,0.001,-0.4985189692298098,4096,408
136,bird1,4,4,0.001,-0.6449850382242791,4096,561
137,bird1,4,5,0.001,-0.68132207834978,4096,684
138,bird1,4,6,0.001,-0.6834637282726697,4096,802
139,bird1,4,7,0.001,-0.7150493567294534,4096,865
140,bird1,4,8,0.001,-0.7914391206707944,4096,922
141,bird1,4,9,0.001,-0.8153156435327651,4096,934
142,bird1,4,10,0.001,-0.8452099203122138,4096,959
143,bird1,4,1,0.01,-0.46915756401098974,4096,188
144,bird1,4,1,0.01,-0.46915756401098974,4096,188
145,bird1,4,2,0.01,-0.4485630425870662,4096,291
146,bird1,4,3,0.01,-0.48648147710128875,4096,408
147,bird1,4,4,0.01,-0.6269988615015459,4096,561
148,bird1,4,5,0.01,-0.6592113623716694,4096,684
149,bird1,4,6,0.01,-0.6588315312683146,4096,802
150,bird1,4,7,0.01,-0.6900955787317233,4096,865
151,bird1,4,8,0.01,-0.7562236942552644,4096,922
152,bird1,4,9,0.01,-0.7794742630614913,4096,934
153,bird1,4,10,0.01,-0.8007896654302868,4096,959
154,bird1,4,1,0.1,-0.466878905971053,4096,188
155,bird1,4,1,0.1,-0.466878905971053,4096,188
156,bird1,4,2,0.1,-0.44382582901199424,4096,291
157,bird1,4,3,0.1,-0.47984552098648303,4096,408
158,bird1,4,4,0.1,-0.6167506693854092,4096,561
159,bird1,4,5,0.1,-0.6467004764814734,4096,684
160,bird1,4,6,0.1,-0.646192041830606,4096,802
161,bird1,4,7,0.1,-0.6779686812173875,4096,865
162,bird1,4,8,0.1,-0.7361657846001066,4096,922
163,bird1,4,9,0.1,-0.7595271631444922,4096,934
164,bird1,4,10,0.1,-0.7745640938427689,4096,959
165,bird1,5,1,0.001,-0.4397406140798372,32768,301
166,bird1,5,1,0.001,-0.4397406140798372,32768,301
167,bird1,5,2,0.001,-0.47871079190779015,32768,584
168,bird1,5,3,0.001,-0.5320782039523128,32768,878
169,bird1,5,4,0.001,-0.7101418544062569,32768,1234
170,bird1,5,5,0.001,-0.8000172604270654,32768,1687
171,bird1,5,6,0.001,-0.8304859923998897,32768,1977
172,bird1,5,7,0.001,-0.9166061612567025,32768,2150
173,bird1,5,8,0.001,-1.0095896960177986,32768,2222
174,bird1,5,9,0.001,-1.0906529297487066,32768,2313
175,bird1,5,10,0.001,-1.1409324304929704,32768,2353
176,bird1,5,1,0.01,-0.43357331068914384,32768,301
177,bird1,5,1,0.01,-0.43357331068914384,32768,301
178,bird1,5,2,0.01,-0.4635079527536926,32768,584
179,bird1,5,3,0.01,-0.50868964941598,32768,878
180,bird1,5,4,0.01,-0.6732617033251381,32768,1234
181,bird1,5,5,0.01,-0.7436511101833626,32768,1687
182,bird1,5,6,0.01,-0.7666625015571685,32768,1977
183,bird1,5,7,0.01,-0.8332338113452622,32768,2150
184,bird1,5,8,0.01,-0.9137947960335587,32768,2222
185,bird1,5,9,0.01,-0.9764121382731691,32768,2313
186,bird1,5,10,0.01,-1.0153967783630933,32768,2353
187,bird1,5,1,0.1,-0.43096275705186377,32768,301
188,bird1,5,1,0.1,-0.43096275705186377,32768,301
189,bird1,5,2,0.1,-0.45559640539268326,32768,584
190,bird1,5,3,0.1,-0.4972672945345417,32768,878
191,bird1,5,4,0.1,-0.6559064798971068,32768,1234
192,bird1,5,5,0.1,-0.7142569077034518,32768,1687
193,bird1,5,6,0.1,-0.7379977667283778,32768,1977
194,bird1,5,7,0.1,-0.7916710542209218,32768,2150
195,bird1,5,8,0.1,-0.8636128105827203,32768,2222
196,bird1,5,9,0.1,-0.9136913452970424,32768,2313
197,bird1,5,10,0.1,-0.9451106608750143,32768,2353
198,bird2,0,1,0.001,-1.7722200952608316,1,1
199,bird2,0,1,0.001,-1.7722200952608316,1,1
200,bird2,0,2,0.001,-1.7722200952608316,1,1
201,bird2,0,3,0.001,-1.7722200952608316,1,1
202,bird2,0,4,0.001,-1.7722200952608316,1,1
203,bird2,0,5,0.001,-1.7722200952608316,1,1
204,bird2,0,6,0.001,-1.7722200952608316,1,1
205,bird2,0,7,0.001,-1.7722200952608316,1,1
206,bird2,0,8,0.001,-1.7722200952608316,1,1
207,bird2,0,9,0.001,-1.7722200952608316,1,1
208,bird2,0,10,0.001,-1.7722200952608316,1,1
209,bird2,0,1,0.01,-1.7722200624740223,1,1
210,bird2,0,1,0.01,-1.7722200624740223,1,1
211,bird2,0,2,0.01,-1.7722200624740223,1,1
212,bird2,0,3,0.01,-1.7722200624740223,1,1
213,bird2,0,4,0.01,-1.7722200624740223,1,1
214,bird2,0,5,0.01,-1.7722200624740223,1,1
215,bird2,0,6,0.01,-1.7722200624740223,1,1
216,bird2,0,7,0.01,-1.7722200624740223,1,1
217,bird2,0,8,0.01,-1.7722200624740223,1,1
218,bird2,0,9,0.01,-1.7722200624740223,1,1
219,bird2,0,10,0.01,-1.7722200624740223,1,1
220,bird2,0,1,0.1,-1.772219734897598,1,1
221,bird2,0,1,0.1,-1.772219734897598,1,1
222,bird2,0,2,0.1,-1.772219734897598,1,1
223,bird2,0,3,0.1,-1.772219734897598,1,1
224,bird2,0,4,0.1,-1.772219734897598,1,1
225,bird2,0,5,0.1,-1.772219734897598,1,1
226,bird2,0,6,0.1,-1.772219734897598,1,1
227,bird2,0,7,0.1,-1.772219734897598,1,1
228,bird2,0,8,0.1,-1.772219734897598,1,1
229,bird2,0,9,0.1,-1.772219734897598,1,1
230,bird2,0,10,0.1,-1.772219734897598,1,1
231,bird2,1,1,0.001,-0.73854601942345,7,7
232,bird2,1,1,0.001,-0.73854601942345,7,7
233,bird2,1,2,0.001,-0.7359820371287572,7,7
234,bird2,1,3,0.001,-0.7379059386613911,7,7
235,bird2,1,4,0.001,-0.7401119703380837,7,7
236,bird2,1,5,0.001,-0.7370313558391749,7,7
237,bird2,1,6,0.001,-0.7347062690929916,7,7
238,bird2,1,7,0.001,-0.7337085033301906,7,7
239,bird2,1,8,0.001,-0.7325337113462618,7,7
240,bird2,1,9,0.001,-0.7322234499461531,7,7
241,bird2,1,10,0.001,-0.7291895410534182,7,7
242,bird2,1,1,0.01,-0.7375175118635258,7,7
243,bird2,1,1,0.01,-0.7375175118635258,7,7
244,bird2,1,2,0.01,-0.7349301719586,7,7
245,bird2,1,3,0.01,-0.7368298351141644,7,7
246,bird2,1,4,0.01,-0.7390102874920269,7,7
247,bird2,1,5,0.01,-0.7359041559219931,7,7
248,bird2,1,6,0.01,-0.733552084378764,7,7
249,bird2,1,7,0.01,-0.7325255471296652,7,7
250,bird2,1,8,0.01,-0.7313196622844907,7,7
251,bird2,1,9,0.01,-0.7297419991617997,7,7
252,bird2,1,10,0.01,-0.7266394870865778,7,7
253,bird2,1,1,0.1,-0.736420569256404,7,7
254,bird2,1,1,0.1,-0.736420569256404,7,7
255,bird2,1,2,0.1,-0.733807771345188,7,7
256,bird2,1,3,0.1,-0.7356828003706116,7,7
257,bird2,1,4,0.1,-0.7378355501785211,7,7
258,bird2,1,5,0.1,-0.7347128534141915,7,7
259,bird2,1,6,0.1,-0.7323417424556324,7,7
260,bird2,1,7,0.1,-0.7312912646127276,7,7
261,bird2,1,8,0.1,-0.7300521859760687,7,7
262,bird2,1,9,0.1,-0.7272474863628455,7,7
263,bird2,1,10,0.1,-0.724076367050829,7,7
264,bird2,2,1,0.001,-0.5750087130091062,49,32
265,bird2,2,1,0.001,-0.5750087130091062,49,32
266,bird2,2,2,0.001,-0.5939136903067869,49,38
267,bird2,2,3,0.001,-0.6256973206059059,49,43
268,bird2,2,4,0.001,-0.6059378295314206,49,45
269,bird2,2,5,0.001,-0.6197065513863639,49,48
270,bird2,2,6,0.001,-0.6251046419678233,49,47
271,bird2,2,7,0.001,-0.6901752099325699,49,46
272,bird2,2,8,0.001,-0.6714692747250238,49,47
273,bird2,2,9,0.001,-0.6794829025731136,49,48
274,bird2,2,10,0.001,-0.6934762153979135,49,49
275,bird2,2,1,0.01,-0.5678548456695821,49,32
276,bird2,2,1,0.01,-0.5678548456695821,49,32
277,bird2,2,2,0.01,-0.5863772607626339,49,38
278,bird2,2,3,0.01,-0.6177777798293619,49,43
279,bird2,2,4,0.01,-0.5982248994529082,49,45
280,bird2,2,5,0.01,-0.6115690970719154,49,48
281,bird2,2,6,0.01,-0.619196528497216,49,47
282,bird2,2,7,0.01,-0.683167144195252,49,46
283,bird2,2,8,0.01,-0.6632542463794201,49,47
284,bird2,2,9,0.01,-0.6706796106260148,49,48
285,bird2,2,10,0.01,-0.6849026648575993,49,49
286,bird2,2,1,0.1,-0.5617724043990152,49,32
287,bird2,2,1,0.1,-0.5617724043990152,49,32
288,bird2,2,2,0.1,-0.5797028114784517,49,38
289,bird2,2,3,0.1,-0.6107669926109635,49,43
290,bird2,2,4,0.1,-0.5916278862189982,49,45
291,bird2,2,5,0.1,-0.6046639751575151,49,48
292,bird2,2,6,0.1,-0.6145987530395354,49,47
293,bird2,2,7,0.1,-0.6774361753380436,49,46
294,bird2,2,8,0.1,-0.656485208534016,49,47
295,bird2,2,9,0.1,-0.6632746612360874,49,48
296,bird2,2,10,0.1,-0.6778969493337944,49,49
297,bird2,3,1,0.001,-0.5524245116395246,343,87
298,bird2,3,1,0.001,-0.5524245116395246,343,87
299,bird2,3,2,0.001,-0.5911406824213497,343,115
300,bird2,3,3,0.001,-0.6245043385236506,343,161
301,bird2,3,4,0.001,-0.5989253088466544,343,181
302,bird2,3,5,0.001,-0.6186204710439909,343,200
303,bird2,3,6,0.001,-0.6672291722086527,343,207
304,bird2,3,7,0.001,-0.7315149353803941,343,203
305,bird2,3,8,0.001,-0.7408971343218389,343,214
306,bird2,3,9,0.001,-0.7786872766663836,343,227
307,bird2,3,10,0.001,-0.8053207463756007,343,248
308,bird2,3,1,0.01,-0.5405070326925425,343,87
309,bird2,3,1,0.01,-0.5405070326925425,343,87
310,bird2,3,2,0.01,-0.5722211505445992,343,115
311,bird2,3,3,0.01,-0.6040229912087262,343,161
312,bird2,3,4,0.01,-0.5781788450393729,343,181
313,bird2,3,5,0.01,-0.5967312102811998,343,200
314,bird2,3,6,0.01,-0.6439373658575259,343,207
315,bird2,3,7,0.01,-0.7036931412638436,343,203
316,bird2,3,8,0.01,-0.7046137820891303,343,214
317,bird2,3,9,0.01,-0.7384969412720195,343,227
318,bird2,3,10,0.01,-0.7618829578321045,343,248
319,bird2,3,1,0.1,-0.5311941699660832,343,87
320,bird2,3,1,0.1,-0.5311941699660832,343,87
321,bird2,3,2,0.1,-0.5576535538598867,343,115
322,bird2,3,3,0.1,-0.5883139242346329,343,161
323,bird2,3,4,0.1,-0.5638952540105517,343,181
324,bird2,3,5,0.1,-0.5827055167830485,343,200
325,bird2,3,6,0.1,-0.6298315951291855,343,207
326,bird2,3,7,0.1,-0.685984372388338,343,203
327,bird2,3,8,0.1,-0.6813750760813526,343,214
328,bird2,3,9,0.1,-0.7137037754939348,343,227
329,bird2,3,10,0.1,-0.7388106909603008,343,248
330,bird2,4,1,0.001,-0.5605528994825745,2401,162
331,bird2,4,1,0.001,-0.5605528994825745,2401,162
332,bird2,4,2,0.001,-0.6207034440212754,2401,261
333,bird2,4,3,0.001,-0.6606937539452696,2401,362
334,bird2,4,4,0.001,-0.7224887086306438,2401,458
335,bird2,4,5,0.001,-0.806590331450654,2401,549
336,bird2,4,6,0.001,-0.9237156286519035,2401,559
337,bird2,4,7,0.001,-1.0446744388876703,2401,550
338,bird2,4,8,0.001,-1.1461930945215077,2401,549
339,bird2,4,9,0.001,-1.2182502775976962,2401,497
340,bird2,4,10,0.001,-1.3926219785685499,2401,461
341,bird2,4,1,0.01,-0.5442578966386522,2401,162
342,bird2,4,1,0.01,-0.5442578966386522,2401,162
343,bird2,4,2,0.01,-0.5899568114997494,2401,261
344,bird2,4,3,0.01,-0.6175382935014659,2401,362
345,bird2,4,4,0.01,-0.6636474507770516,2401,458
346,bird2,4,5,0.01,-0.7300287556323808,2401,549
347,bird2,4,6,0.01,-0.8263443152816041,2401,559
348,bird2,4,7,0.01,-0.9222216563729827,2401,550
349,bird2,4,8,0.01,-1.0013431506279908,2401,549
350,bird2,4,9,0.01,-1.0578047106298407,2401,497
351,bird2,4,10,0.01,-1.180542340220295,2401,461
352,bird2,4,1,0.1,-0.5327473051896239,2401,162
353,bird2,4,1,0.1,-0.5327473051896239,2401,162
354,bird2,4,2,0.1,-0.5685087447076397,2401,261
355,bird2,4,3,0.1,-0.5894125821175481,2401,362
356,bird2,4,4,0.1,-0.6266531343146585,2401,458
357,bird2,4,5,0.1,-0.6835644112056225,2401,549
358,bird2,4,6,0.1,-0.7670810542122187,2401,559
359,bird2,4,7,0.1,-0.8468895791107427,2401,550
360,bird2,4,8,0.1,-0.9104659367292656,2401,549
361,bird2,4,9,0.1,-0.9617371841736615,2401,497
362,bird2,4,10,0.1,-1.0479757043837148,2401,461
363,bird2,5,1,0.001,-0.5911749577249054,16807,265
364,bird2,5,1,0.001,-0.5911749577249054,16807,265
365,bird2,5,2,0.001,-0.6582101781118285,16807,450
366,bird2,5,3,0.001,-0.7634084791682615,16807,635
367,bird2,5,4,0.001,-0.9665690642016715,16807,809
368,bird2,5,5,0.001,-1.128799988627442,16807,907
369,bird2,5,6,0.001,-1.3666377085541777,16807,892
370,bird2,5,7,0.001,-1.52845037065348,16807,756
371,bird2,5,8,0.001,-1.8100117674911655,16807,661
372,bird2,5,9,0.001,-2.01288667988401,16807,513
373,bird2,5,10,0.001,-2.0807855053785214,16807,362
374,bird2,5,1,0.01,-0.5615509783488499,16807,265
375,bird2,5,1,0.01,-0.5615509783488499,16807,265
376,bird2,5,2,0.01,-0.6133091472036423,16807,450
377,bird2,5,3,0.01,-0.6943659310570747,16807,635
378,bird2,5,4,0.01,-0.8424358595428264,16807,809
379,bird2,5,5,0.01,-0.9801887743249939,16807,907
380,bird2,5,6,0.01,-1.1753112125037177,16807,892
381,bird2,5,7,0.01,-1.3112889836184733,16807,756
382,bird2,5,8,0.01,-1.520132704435558,16807,661
383,bird2,5,9,0.01,-1.6879760207867733,16807,513
384,bird2,5,10,0.01,-1.7722376803818074,16807,362
385,bird2,5,1,0.1,-0.5405021335171143,16807,265
386,bird2,5,1,0.1,-0.5405021335171143,16807,265
387,bird2,5,2,0.1,-0.5851095658545479,16807,450
388,bird2,5,3,0.1,-0.6548192056567816,16807,635
389,bird2,5,4,0.1,-0.7694047744898131,16807,809
390,bird2,5,5,0.1,-0.8935568165842078,16807,907
391,bird2,5,6,0.1,-1.0594635243454265,16807,892
392,bird2,5,7,0.1,-1.1761729027786296,16807,756
393,bird2,5,8,0.1,-1.335426958711942,16807,661
394,bird2,5,9,0.1,-1.4755437611353963,16807,513
395,bird2,5,10,0.1,-1.581276977627783,16807,362
396,bird4,0,1,0.001,-1.2179790919539906,1,1
397,bird4,0,1,0.001,-1.2179790919539906,1,1
398,bird4,0,2,0.001,-1.2179790919539906,1,1
399,bird4,0,3,0.001,-1.2179790919539906,1,1
400,bird4,0,4,0.001,-1.2179790919539906,1,1
401,bird4,0,5,0.001,-1.2179790919539906,1,1
402,bird4,0,6,0.001,-1.2179790919539906,1,1
403,bird4,0,7,0.001,-1.2179790919539906,1,1
404,bird4,0,8,0.001,-1.2179790919539906,1,1
405,bird4,0,9,0.001,-1.2179790919539906,1,1
406,bird4,0,10,0.001,-1.2179790919539906,1,1
407,bird4,0,1,0.01,-1.2179790958954633,1,1
408,bird4,0,1,0.01,-1.2179790958954633,1,1
409,bird4,0,2,0.01,-1.2179790958954633,1,1
410,bird4,0,3,0.01,-1.2179790958954633,1,1
411,bird4,0,4,0.01,-1.2179790958954633,1,1
412,bird4,0,5,0.01,-1.2179790958954633,1,1
413,bird4,0,6,0.01,-1.2179790958954633,1,1
414,bird4,0,7,0.01,-1.2179790958954633,1,1
415,bird4,0,8,0.01,-1.2179790958954633,1,1
416,bird4,0,9,0.01,-1.2179790958954633,1,1
417,bird4,0,10,0.01,-1.2179790958954633,1,1
418,bird4,0,1,0.1,-1.2179791353244835,1,1
419,bird4,0,1,0.1,-1.2179791353244835,1,1
420,bird4,0,2,0.1,-1.2179791353244835,1,1
421,bird4,0,3,0.1,-1.2179791353244835,1,1
422,bird4,0,4,0.1,-1.2179791353244835,1,1
423,bird4,0,5,0.1,-1.2179791353244835,1,1
424,bird4,0,6,0.1,-1.2179791353244835,1,1
425,bird4,0,7,0.1,-1.2179791353244835,1,1
426,bird4,0,8,0.1,-1.2179791353244835,1,1
427,bird4,0,9,0.1,-1.2179791353244835,1,1
428,bird4,0,10,0.1,-1.2179791353244835,1,1
429,bird4,1,1,0.001,-0.5206092414888539,4,4
430,bird4,1,1,0.001,-0.5206092414888539,4,4
431,bird4,1,2,0.001,-0.5175483943138277,4,4
432,bird4,1,3,0.001,-0.5160130022917561,4,4
433,bird4,1,4,0.001,-0.5140947549027529,4,4
434,bird4,1,5,0.001,-0.5147501227618098,4,4
435,bird4,1,6,0.001,-0.5146502061925233,4,4
436,bird4,1,7,0.001,-0.5161931685746569,4,4
437,bird4,1,8,0.001,-0.5175739486672778,4,4
438,bird4,1,9,0.001,-0.5202031360189401,4,4
439,bird4,1,10,0.001,-0.524080964184456,4,4
440,bird4,1,1,0.01,-0.5206086071884909,4,4
441,bird4,1,1,0.01,-0.5206086071884909,4,4
442,bird4,1,2,0.01,-0.5175476631749107,4,4
443,bird4,1,3,0.01,-0.5160122587995677,4,4
444,bird4,1,4,0.01,-0.514093954035036,4,4
445,bird4,1,5,0.01,-0.5147491875912867,4,4
446,bird4,1,6,0.01,-0.5146492504885831,4,4
447,bird4,1,7,0.01,-0.5161922363715973,4,4
448,bird4,1,8,0.01,-0.5175729770786653,4,4
449,bird4,1,9,0.01,-0.5202022000714451,4,4
450,bird4,1,10,0.01,-0.524080059607635,4,4
451,bird4,1,1,0.1,-0.5206023017746134,4,4
452,bird4,1,1,0.1,-0.5206023017746134,4,4
453,bird4,1,2,0.1,-0.5175403944321867,4,4
454,bird4,1,3,0.1,-0.5160048683760183,4,4
455,bird4,1,4,0.1,-0.5140859932759169,4,4
456,bird4,1,5,0.1,-0.5147398924687564,4,4
457,bird4,1,6,0.1,-0.5146397523597701,4,4
458,bird4,1,7,0.1,-0.5161829728648881,4,4
459,bird4,1,8,0.1,-0.5175633243419567,4,4
460,bird4,1,9,0.1,-0.5201929034838843,4,4
461,bird4,1,10,0.1,-0.5240710764614436,4,4
462,bird4,2,1,0.001,-0.4807106533820788,16,16
463,bird4,2,1,0.001,-0.4807106533820788,16,16
464,bird4,2,2,0.001,-0.4719860687117514,16,16
465,bird4,2,3,0.001,-0.47548386696629014,16,16
466,bird4,2,4,0.001,-0.4796432367181364,16,16
467,bird4,2,5,0.001,-0.47559333914589974,16,16
468,bird4,2,6,0.001,-0.4755298135409061,16,16
469,bird4,2,7,0.001,-0.4873053630166703,16,16
470,bird4,2,8,0.001,-0.5016983039272092,16,16
471,bird4,2,9,0.001,-0.506573355670525,16,16
472,bird4,2,10,0.001,-0.5062027537513191,16,16
473,bird4,2,1,0.01,-0.4807035256789421,16,16
474,bird4,2,1,0.01,-0.4807035256789421,16,16
475,bird4,2,2,0.01,-0.4715403964369434,16,16
476,bird4,2,3,0.01,-0.47525269242093415,16,16
477,bird4,2,4,0.01,-0.47940468331924607,16,16
478,bird4,2,5,0.01,-0.47558817580491375,16,16
479,bird4,2,6,0.01,-0.475029360668516,16,16
480,bird4,2,7,0.01,-0.4870454920257534,16,16
481,bird4,2,8,0.01,-0.5016925680395017,16,16
482,bird4,2,9,0.01,-0.5060147665587882,16,16
483,bird4,2,10,0.01,-0.5056243933582354,16,16
484,bird4,2,1,0.1,-0.4806355161853571,16,16
485,bird4,2,1,0.1,-0.4806355161853571,16,16
486,bird4,2,2,0.1,-0.47106285243883905,16,16
487,bird4,2,3,0.1,-0.4749912756211048,16,16
488,bird4,2,4,0.1,-0.47913410906791765,16,16
489,bird4,2,5,0.1,-0.47553947412699454,16,16
490,bird4,2,6,0.1,-0.4745319403755082,16,16
491,bird4,2,7,0.1,-0.48677702593947203,16,16
492,bird4,2,8,0.1,-0.5016383158349532,16,16
493,bird4,2,9,0.1,-0.5054266311615901,16,16
494,bird4,2,10,0.1,-0.5050230665188102,16,16
495,bird4,3,1,0.001,-0.4736417229857704,64,55
496,bird4,3,1,0.001,-0.4736417229857704,64,55
497,bird4,3,2,0.001,-0.462779202130834,64,62
498,bird4,3,3,0.001,-0.45548054697655843,64,59
499,bird4,3,4,0.001,-0.46984920572281647,64,60
500,bird4,3,5,0.001,-0.457195288127475,64,62
501,bird4,3,6,0.001,-0.4602325481627168,64,61
502,bird4,3,7,0.001,-0.48437475317463524,64,59
503,bird4,3,8,0.001,-0.4998142022336455,64,60
504,bird4,3,9,0.001,-0.5023756154598233,64,62
505,bird4,3,10,0.001,-0.5112277469579717,64,62
506,bird4,3,1,0.01,-0.46932767229481404,64,55
507,bird4,3,1,0.01,-0.46932767229481404,64,55
508,bird4,3,2,0.01,-0.458479609216591,64,62
509,bird4,3,3,0.01,-0.4521761228364968,64,59
510,bird4,3,4,0.01,-0.4676246995340927,64,60
511,bird4,3,5,0.01,-0.4540635592937958,64,62
512,bird4,3,6,0.01,-0.4577540034789758,64,61
513,bird4,3,7,0.01,-0.4814583664514333,64,59
514,bird4,3,8,0.01,-0.4973555664241297,64,60
515,bird4,3,9,0.01,-0.49748302482595963,64,62
516,bird4,3,10,0.01,-0.5028931935311008,64,62
517,bird4,3,1,0.1,-0.4653458213446511,64,55
518,bird4,3,1,0.1,-0.4653458213446511,64,55
519,bird4,3,2,0.1,-0.45439708039073023,64,62
520,bird4,3,3,0.1,-0.4491463472481764,64,59
521,bird4,3,4,0.1,-0.46562850882354223,64,60
522,bird4,3,5,0.1,-0.4511622789935379,64,62
523,bird4,3,6,0.1,-0.45545006993556153,64,61
524,bird4,3,7,0.1,-0.47868270366917315,64,59
525,bird4,3,8,0.1,-0.4950724361955014,64,60
526,bird4,3,9,0.1,-0.49284409576315363,64,62
527,bird4,3,10,0.1,-0.494845242334185,64,62
528,bird4,4,1,0.001,-0.46837458638977114,256,131
529,bird4,4,1,0.001,-0.46837458638977114,256,131
530,bird4,4,2,0.001,-0.4464919820646259,256,168
531,bird4,4,3,0.001,-0.45483908753005103,256,169
532,bird4,4,4,0.001,-0.46580909677746196,256,178
533,bird4,4,5,0.001,-0.4638704043492491,256,180
534,bird4,4,6,0.001,-0.48863843413635116,256,192
535,bird4,4,7,0.001,-0.501203825339075,256,197
536,bird4,4,8,0.001,-0.5067411599829023,256,196
537,bird4,4,9,0.001,-0.5090400676122006,256,186
538,bird4,4,10,0.001,-0.5287533508801918,256,187
539,bird4,4,1,0.01,-0.46075394661575875,256,131
540,bird4,4,1,0.01,-0.46075394661575875,256,131
541,bird4,4,2,0.01,-0.4391138098993586,256,168
542,bird4,4,3,0.01,-0.449186931946747,256,169
543,bird4,4,4,0.01,-0.46190084537379866,256,178
544,bird4,4,5,0.01,-0.456517000086662,256,180
545,bird4,4,6,0.01,-0.47701789397996236,256,192
546,bird4,4,7,0.01,-0.4886702262808367,256,197
547,bird4,4,8,0.01,-0.4945948089759155,256,196
548,bird4,4,9,0.01,-0.4993155990850987,256,186
549,bird4,4,10,0.01,-0.5150392106537591,256,187
550,bird4,4,1,0.1,-0.4540459569701153,256,131
551,bird4,4,1,0.1,-0.4540459569701153,256,131
552,bird4,4,2,0.1,-0.43280235989181076,256,168
553,bird4,4,3,0.1,-0.4443972714706973,256,169
554,bird4,4,4,0.1,-0.4588842435253314,256,178
555,bird4,4,5,0.1,-0.4502434491978948,256,180
556,bird4,4,6,0.1,-0.46671186684198507,256,192
557,bird4,4,7,0.1,-0.47771597054956755,256,197
558,bird4,4,8,0.1,-0.48414377040705675,256,196
559,bird4,4,9,0.1,-0.49104082317369,256,186
560,bird4,4,10,0.1,-0.5026447430448958,256,187
561,bird4,5,1,0.001,-0.46659984545555894,1024,240
562,bird4,5,1,0.001,-0.46659984545555894,1024,240
563,bird4,5,2,0.001,-0.45203306651720004,1024,330
564,bird4,5,3,0.001,-0.4574640078190142,1024,349
565,bird4,5,4,0.001,-0.4889617370343967,1024,393
566,bird4,5,5,0.001,-0.5080205829471109,1024,419
567,bird4,5,6,0.001,-0.5080769550751989,1024,475
568,bird4,5,7,0.001,-0.5409998405085371,1024,477
569,bird4,5,8,0.001,-0.5679448570065947,1024,475
570,bird4,5,9,0.001,-0.5867440706688456,1024,452
571,bird4,5,10,0.001,-0.5935747629950929,1024,432
572,bird4,5,1,0.01,-0.4567105716771077,1024,240
573,bird4,5,1,0.01,-0.4567105716771077,1024,240
574,bird4,5,2,0.01,-0.4416663654401332,1024,330
575,bird4,5,3,0.01,-0.4490371245910795,1024,349
576,bird4,5,4,0.01,-0.4749573239225543,1024,393
577,bird4,5,5,0.01,-0.4845418241788321,1024,419
578,bird4,5,6,0.01,-0.48422702066841816,1024,475
579,bird4,5,7,0.01,-0.5126046204853297,1024,477
580,bird4,5,8,0.01,-0.540044651849225,1024,475
581,bird4,5,9,0.01,-0.548559201139152,1024,452
582,bird4,5,10,0.01,-0.5535990717225683,1024,432
583,bird4,5,1,0.1,-0.44844363811189375,1024,240
584,bird4,5,1,0.1,-0.44844363811189375,1024,240
585,bird4,5,2,0.1,-0.4336350286205842,1024,330
586,bird4,5,3,0.1,-0.44272560293559293,1024,349
587,bird4,5,4,0.1,-0.46406352696079584,1024,393
588,bird4,5,5,0.1,-0.4652992699719565,1024,419
589,bird4,5,6,0.1,-0.4649518006154012,1024,475
590,bird4,5,7,0.1,-0.48955891495662834,1024,477
591,bird4,5,8,0.1,-0.5178730310587892,1024,475
592,bird4,5,9,0.1,-0.5172447356860624,1024,452
593,bird4,5,10,0.1,-0.5199397821842736,1024,432
